YEAR;PM04901AA
2020;486402.0862783
2021;551829.119781879
