YEAR;PM04906AA
2020;11922.8519000341
2021;13619.5267117407
