YEAR;PM04902AA
2020;-14748.8775165815
2021;-46048.2056891399
